{"cameraMode":{"drawMode":0,"name":"Shaded","section":"Shading Mode"},"sceneLighting":true,"audioPlay":false,"sceneViewState":{"showFog":true,"showMaterialUpdate":false,"showSkybox":true,"showFlares":true,"showImageEffects":true,"showParticleSystems":true},"in2DMode":false,"pivot":{"x":-0.78955078125,"y":1.77490234375,"z":1.98095703125},"rotation":{"x":0.054578788578510287,"y":0.9417185187339783,"z":-0.27375203371047976,"w":0.18775705993175507},"size":4.0432963371276859,"orthographic":true}