{"cameraMode":{"drawMode":0,"name":"Shaded","section":"Shading Mode"},"sceneLighting":false,"audioPlay":false,"sceneViewState":{"showFog":true,"showMaterialUpdate":false,"showSkybox":false,"showFlares":true,"showImageEffects":true,"showParticleSystems":true},"in2DMode":false,"pivot":{"x":2.9802322387695315e-8,"y":0.6062966585159302,"z":0.0},"rotation":{"x":0.07722608745098114,"y":-0.04933147132396698,"z":0.0038257206324487926,"w":0.9957857131958008},"size":1.3862955570220948,"orthographic":true}