{"cameraMode":{"drawMode":0,"name":"Shaded","section":"Shading Mode"},"sceneLighting":true,"audioPlay":false,"sceneViewState":{"showFog":true,"showMaterialUpdate":false,"showSkybox":true,"showFlares":true,"showImageEffects":true,"showParticleSystems":true},"in2DMode":false,"pivot":{"x":0.79345703125,"y":0.743896484375,"z":-1.596923828125},"rotation":{"x":0.0046977512538433079,"y":-0.9401767253875732,"z":0.34042084217071535,"w":0.012971200980246067},"size":2.5407919883728029,"orthographic":true}