{"cameraMode":{"drawMode":0,"name":"Shaded","section":"Shading Mode"},"sceneLighting":true,"audioPlay":false,"sceneViewState":{"showFog":true,"showMaterialUpdate":false,"showSkybox":true,"showFlares":true,"showImageEffects":true,"showParticleSystems":true},"in2DMode":false,"pivot":{"x":-1.0013427734375,"y":-0.497802734375,"z":-0.977294921875},"rotation":{"x":-0.08121132105588913,"y":-0.9045125246047974,"z":0.36800092458724978,"w":-0.19961310923099519},"size":2.1306099891662599,"orthographic":true}