{"cameraMode":{"drawMode":0,"name":"Shaded","section":"Shading Mode"},"sceneLighting":false,"audioPlay":false,"sceneViewState":{"showFog":true,"showMaterialUpdate":false,"showSkybox":false,"showFlares":true,"showImageEffects":true,"showParticleSystems":true},"in2DMode":false,"pivot":{"x":0.00315818190574646,"y":0.6310357451438904,"z":0.004325240850448608},"rotation":{"x":0.4520367980003357,"y":-0.11581862717866898,"z":0.05932790786027908,"w":0.8824567794799805},"size":0.7143150568008423,"orthographic":true}