{"cameraMode":{"drawMode":0,"name":"Shaded","section":"Shading Mode"},"sceneLighting":true,"audioPlay":false,"sceneViewState":{"showFog":true,"showMaterialUpdate":false,"showSkybox":true,"showFlares":true,"showImageEffects":true,"showParticleSystems":true},"in2DMode":false,"pivot":{"x":-0.0015457868576049805,"y":-3.72478985786438,"z":-1.1600613594055176},"rotation":{"x":0.004128852393478155,"y":0.9419130086898804,"z":-0.335639089345932,"w":0.011586972512304783},"size":5.121615886688232,"orthographic":false}