{"cameraMode":{"drawMode":0,"name":"Shaded","section":"Shading Mode"},"sceneLighting":true,"audioPlay":false,"sceneViewState":{"showFog":true,"showMaterialUpdate":true,"showSkybox":true,"showFlares":true,"showImageEffects":true,"showParticleSystems":true},"in2DMode":false,"pivot":{"x":-0.7752781510353088,"y":3.364834785461426,"z":4.54560661315918},"rotation":{"x":-0.0033216208685189487,"y":0.924186646938324,"z":-0.38184815645217898,"w":-0.008039615117013455},"size":5.334200382232666,"orthographic":false}