{"cameraMode":{"drawMode":0,"name":"Shaded","section":"Shading Mode"},"sceneLighting":true,"audioPlay":false,"sceneViewState":{"showFog":true,"showMaterialUpdate":true,"showSkybox":true,"showFlares":true,"showImageEffects":true,"showParticleSystems":true},"in2DMode":false,"pivot":{"x":-1.2911462783813477,"y":-0.443267822265625,"z":1.1597967147827149},"rotation":{"x":0.0032137909438461067,"y":0.9383654594421387,"z":-0.3455209732055664,"w":0.008727902546525002},"size":10.0,"orthographic":false}