{"cameraMode":{"drawMode":0,"name":"Shaded","section":"Shading Mode"},"sceneLighting":true,"audioPlay":false,"sceneViewState":{"showFog":true,"showMaterialUpdate":true,"showSkybox":true,"showFlares":true,"showImageEffects":true,"showParticleSystems":true},"in2DMode":false,"pivot":{"x":-1.300628900527954,"y":-0.27193784713745119,"z":-2.3583574295043947},"rotation":{"x":-0.0033216208685189487,"y":0.924186646938324,"z":-0.38184815645217898,"w":-0.008039615117013455},"size":4.865799903869629,"orthographic":false}