{"cameraMode":{"drawMode":0,"name":"Shaded","section":"Shading Mode"},"sceneLighting":true,"audioPlay":false,"sceneViewState":{"showFog":true,"showMaterialUpdate":true,"showSkybox":true,"showFlares":true,"showImageEffects":true,"showParticleSystems":true},"in2DMode":false,"pivot":{"x":0.14737534523010255,"y":-2.7525744438171388,"z":-2.136819362640381},"rotation":{"x":0.0566185861825943,"y":0.9178686141967773,"z":-0.36640506982803347,"w":0.14182180166244508},"size":5.050706386566162,"orthographic":false}