{"cameraMode":{"drawMode":0,"name":"Shaded","section":"Shading Mode"},"sceneLighting":false,"audioPlay":false,"sceneViewState":{"showFog":true,"showMaterialUpdate":true,"showSkybox":false,"showFlares":true,"showImageEffects":true,"showParticleSystems":true},"in2DMode":false,"pivot":{"x":0.03644523024559021,"y":-2.058964729309082,"z":2.4734749794006349},"rotation":{"x":0.002023985143750906,"y":-0.8276918530464172,"z":0.561177134513855,"w":0.0029855112079530956},"size":7.508479118347168,"orthographic":false}