{"cameraMode":{"drawMode":0,"name":"Shaded","section":"Shading Mode"},"sceneLighting":false,"audioPlay":false,"sceneViewState":{"showFog":true,"showMaterialUpdate":true,"showSkybox":false,"showFlares":true,"showImageEffects":true,"showParticleSystems":true},"in2DMode":false,"pivot":{"x":-0.5120697021484375,"y":-96.38922882080078,"z":-96.36400604248047},"rotation":{"x":-0.0038521080277860166,"y":0.9258812069892883,"z":-0.37767916917800906,"w":-0.009443322196602822},"size":10.0,"orthographic":false}