{"cameraMode":{"drawMode":0,"name":"Shaded","section":"Shading Mode"},"sceneLighting":false,"audioPlay":false,"sceneViewState":{"showFog":true,"showMaterialUpdate":true,"showSkybox":false,"showFlares":true,"showImageEffects":true,"showParticleSystems":true},"in2DMode":false,"pivot":{"x":2.9802322387695315e-8,"y":0.4850374162197113,"z":-1.4901161193847657e-8},"rotation":{"x":0.005819793790578842,"y":0.8318399786949158,"z":-0.5549280047416687,"w":0.008723030798137188},"size":0.5494033694267273,"orthographic":false}