{"cameraMode":{"drawMode":0,"name":"Shaded","section":"Shading Mode"},"sceneLighting":false,"audioPlay":false,"sceneViewState":{"showFog":true,"showMaterialUpdate":true,"showSkybox":false,"showFlares":true,"showImageEffects":true,"showParticleSystems":true},"in2DMode":false,"pivot":{"x":0.0025265365839004518,"y":0.5048286318778992,"z":0.0034601837396621706},"rotation":{"x":0.005819793790578842,"y":0.8318399786949158,"z":-0.5549280047416687,"w":0.008723030798137188},"size":0.5714520812034607,"orthographic":false}